{"cameraMode":{"drawMode":0,"name":"Shaded","section":"Shading Mode"},"sceneLighting":true,"audioPlay":false,"sceneViewState":{"m_AlwaysRefresh":false,"showFog":true,"showSkybox":false,"showFlares":true,"showImageEffects":true,"showParticleSystems":true,"showVisualEffectGraphs":true,"m_FxEnabled":true},"in2DMode":false,"pivot":{"x":0.06999969482421875,"y":0.46000003814697268,"z":0.12600040435791017},"rotation":{"x":-0.21512152254581452,"y":-0.14691860973834992,"z":0.03262674808502197,"w":-0.9650346040725708},"size":18.186532974243165,"orthographic":false}