{"cameraMode":{"drawMode":0,"name":"Shaded","section":"Shading Mode"},"sceneLighting":false,"audioPlay":false,"sceneViewState":{"m_AlwaysRefresh":false,"showFog":true,"showSkybox":false,"showFlares":true,"showImageEffects":true,"showParticleSystems":true,"showVisualEffectGraphs":true,"m_FxEnabled":true},"in2DMode":false,"pivot":{"x":0.06319442391395569,"y":-1.0579999685287476,"z":2.7080001831054689},"rotation":{"x":-0.010106964036822319,"y":0.9834027886390686,"z":-0.057904042303562167,"w":-0.17190998792648316},"size":0.49738529324531557,"orthographic":false}