{"cameraMode":{"drawMode":0,"name":"Shaded","section":"Shading Mode"},"sceneLighting":false,"audioPlay":false,"sceneViewState":{"m_AlwaysRefresh":false,"showFog":true,"showSkybox":false,"showFlares":true,"showImageEffects":true,"showParticleSystems":true,"showVisualEffectGraphs":true,"m_FxEnabled":true},"in2DMode":false,"pivot":{"x":0.06319443881511688,"y":-1.246999979019165,"z":2.4803154468536379},"rotation":{"x":0.29564347863197329,"y":0.5666894912719727,"z":-0.22834573686122895,"w":0.7344905138015747},"size":0.34639620780944826,"orthographic":false}