{"cameraMode":{"drawMode":0,"name":"Shaded","section":"Shading Mode"},"sceneLighting":true,"audioPlay":false,"sceneViewState":{"m_AlwaysRefresh":false,"showFog":true,"showSkybox":false,"showFlares":true,"showImageEffects":true,"showParticleSystems":true,"showVisualEffectGraphs":true,"m_FxEnabled":true},"in2DMode":false,"pivot":{"x":11.327648162841797,"y":1.5690703392028809,"z":1.4701812267303467},"rotation":{"x":0.3107864260673523,"y":-0.28382042050361636,"z":0.09776192158460617,"w":0.9019852876663208},"size":2.6055848598480226,"orthographic":false}