{"cameraMode":{"drawMode":0,"name":"Shaded","section":"Shading Mode"},"sceneLighting":false,"audioPlay":false,"sceneViewState":{"m_AlwaysRefresh":false,"showFog":true,"showSkybox":false,"showFlares":true,"showImageEffects":true,"showParticleSystems":true,"showVisualEffectGraphs":true,"m_FxEnabled":true},"in2DMode":false,"pivot":{"x":0.026494238525629045,"y":2.139641284942627,"z":-2.0251476764678957},"rotation":{"x":-0.011137250810861588,"y":0.8159587383270264,"z":0.01562567427754402,"w":0.5779324173927307},"size":0.8660253882408142,"orthographic":false}