{"cameraMode":{"drawMode":0,"name":"Shaded","section":"Shading Mode"},"sceneLighting":false,"audioPlay":false,"sceneViewState":{"m_AlwaysRefresh":false,"showFog":true,"showSkybox":true,"showFlares":true,"showImageEffects":true,"showParticleSystems":true,"showVisualEffectGraphs":true,"m_FxEnabled":true},"in2DMode":false,"pivot":{"x":13.637072563171387,"y":-28.144330978393556,"z":9.341392517089844},"rotation":{"x":-0.29399511218070986,"y":0.05085534602403641,"z":-0.015778018161654474,"w":-0.9544417858123779},"size":30.163721084594728,"orthographic":false}