{"cameraMode":{"drawMode":0,"name":"Shaded","section":"Shading Mode"},"sceneLighting":false,"audioPlay":false,"sceneViewState":{"m_AlwaysRefresh":false,"showFog":true,"showSkybox":true,"showFlares":true,"showImageEffects":true,"showParticleSystems":true,"showVisualEffectGraphs":true,"m_FxEnabled":true},"in2DMode":false,"pivot":{"x":-1.707611083984375,"y":16.51480484008789,"z":-1.7143182754516602},"rotation":{"x":-0.026133639737963678,"y":0.6179242134094238,"z":-0.020652640610933305,"w":-0.7856763005256653},"size":28.031116485595704,"orthographic":false}