{"cameraMode":{"drawMode":0,"name":"Shaded","section":"Shading Mode"},"sceneLighting":false,"audioPlay":false,"sceneViewState":{"m_AlwaysRefresh":false,"showFog":true,"showSkybox":true,"showFlares":true,"showImageEffects":true,"showParticleSystems":true,"showVisualEffectGraphs":true,"m_FxEnabled":true},"in2DMode":false,"pivot":{"x":19.999988555908204,"y":1.079641342163086,"z":30.02532196044922},"rotation":{"x":-0.29399511218070986,"y":0.05085534602403641,"z":-0.015778018161654474,"w":-0.9544417858123779},"size":21.510114669799806,"orthographic":false}