{"cameraMode":{"drawMode":0,"name":"Shaded","section":"Shading Mode"},"sceneLighting":false,"audioPlay":false,"sceneViewState":{"m_AlwaysRefresh":false,"showFog":true,"showSkybox":false,"showFlares":true,"showImageEffects":true,"showParticleSystems":true,"showVisualEffectGraphs":true,"m_FxEnabled":true},"in2DMode":false,"pivot":{"x":0.0006999969482421875,"y":0.0020704269409179689,"z":0.0012598037719726563},"rotation":{"x":-0.01314049307256937,"y":0.09403463453054428,"z":0.0011582875158637763,"w":0.9955851435661316},"size":18.186532974243165,"orthographic":false}