{"cameraMode":{"drawMode":0,"name":"Shaded","section":"Shading Mode"},"sceneLighting":false,"audioPlay":false,"sceneViewState":{"m_AlwaysRefresh":false,"showFog":true,"showSkybox":false,"showFlares":true,"showImageEffects":true,"showParticleSystems":true,"showVisualEffectGraphs":true,"m_FxEnabled":true},"in2DMode":false,"pivot":{"x":0.6752673387527466,"y":0.17573684453964234,"z":0.2034320831298828},"rotation":{"x":0.008999647572636605,"y":-0.9766538739204407,"z":0.2115524858236313,"w":0.04209832474589348},"size":5.962038516998291,"orthographic":false}