{"cameraMode":{"drawMode":0,"name":"Shaded","section":"Shading Mode"},"sceneLighting":false,"audioPlay":false,"sceneViewState":{"m_AlwaysRefresh":false,"showFog":true,"showSkybox":false,"showFlares":true,"showImageEffects":true,"showParticleSystems":true,"showVisualEffectGraphs":true,"m_FxEnabled":true},"in2DMode":false,"pivot":{"x":0.008688418194651604,"y":-0.004320073407143354,"z":-0.010366062633693219},"rotation":{"x":0.11359606683254242,"y":0.6439197063446045,"z":-0.09759098291397095,"w":0.750430703163147},"size":0.010349992662668229,"orthographic":false}