{"cameraMode":{"drawMode":0,"name":"Shaded","section":"Shading Mode"},"sceneLighting":true,"audioPlay":false,"sceneViewState":{"m_AlwaysRefresh":false,"showFog":true,"showSkybox":true,"showFlares":true,"showImageEffects":true,"showParticleSystems":true,"showVisualEffectGraphs":true,"m_FxEnabled":true},"in2DMode":false,"pivot":{"x":14.246755599975586,"y":13.038887977600098,"z":-7.203127384185791},"rotation":{"x":0.3107864260673523,"y":-0.28382042050361636,"z":0.09776192158460617,"w":0.9019852876663208},"size":0.7081865072250366,"orthographic":false}