{"cameraMode":{"drawMode":0,"name":"Shaded","section":"Shading Mode"},"sceneLighting":true,"audioPlay":false,"sceneViewState":{"m_AlwaysRefresh":false,"showFog":true,"showSkybox":false,"showFlares":true,"showImageEffects":true,"showParticleSystems":true,"showVisualEffectGraphs":true,"m_FxEnabled":true},"in2DMode":false,"pivot":{"x":0.3071415424346924,"y":0.9055590629577637,"z":0.04519909620285034},"rotation":{"x":0.29564347863197329,"y":0.5666894912719727,"z":-0.22834573686122895,"w":0.7344905138015747},"size":2.3567843437194826,"orthographic":false}