{"cameraMode":{"drawMode":0,"name":"Shaded","section":"Shading Mode"},"sceneLighting":false,"audioPlay":false,"sceneViewState":{"m_AlwaysRefresh":false,"showFog":true,"showSkybox":false,"showFlares":true,"showImageEffects":true,"showParticleSystems":true,"showVisualEffectGraphs":true,"m_FxEnabled":true},"in2DMode":false,"pivot":{"x":-0.08698791265487671,"y":0.3173471689224243,"z":0.00027298927307128906},"rotation":{"x":0.0265016108751297,"y":-0.9379879832267761,"z":0.07360417395830155,"w":0.3377305269241333},"size":1.5472168922424317,"orthographic":false}